{"source":"Subway-Builder-Modded/The-Railyard@main","generatedAt":"2026-04-01T02:17:24.262Z","mapCount":96,"cachedCount":96,"boundsByMap":{"albany":[-74.23740393821532,42.5062181652618,-73.55392046178463,43.12674921623177],"amsterdam":[4.610288395877789,52.206832386348204,5.248805854122191,52.52159451365181],"baltimore-dc-corridor":[-77.30494498410737,38.71387695826122,-76.42361102765726,39.44232645287814],"barcelona":[1.5698469181500658,41.198394063840595,2.747956594629221,42.052748409378964],"bari":[16.510722638783502,40.71356146618677,17.374070187959116,41.22617407350979],"berlin-val":[12.979114882686712,52.29108477679438,13.806489617313343,52.767724569568415],"bilbao":[-3.2496770904658847,43.06080885532097,-2.422302355839295,43.4385234080853],"bologna":[11.054778557507035,44.29302199802663,11.774234848486714,44.72469577261444],"bucharest-medium":[25.660312560060937,44.23183676653923,26.433728072864092,44.64552413385255],"cairo":[30.796670392677015,29.784570471338508,31.821895607323057,30.29718307866153],"calgary":[-114.40495533094084,50.77014709451988,-113.73945826178463,51.291752905480145],"catania":[14.687724384842733,37.28149821743986,15.236309806714738,37.82109043567462],"colorado-ski-country":[-107.39508433280795,39.08991335538312,-105.74932806719194,40.54681234461697],"dayton-oh":[-84.51505822730358,39.42690178724539,-83.88553397269636,39.98448041275464],"dublin":[-6.5279967267982535,53.2077174541845,-6.0513569340242634,53.504493174213614],"edmonton":[-113.85273834003395,53.25415389088264,-113.16026165996601,53.7937461091174],"florence":[10.757602373860836,43.61601318728227,11.477058664840515,44.06567336914457],"garda-lake":[9.552802564767763,45.30467531904277,11.144599608560302,45.94319277728724],"genoa":[8.400704414857763,44.22467785390787,9.479888851327281,44.61138561030945],"glasgow-edinburgh":[-4.928497970694297,55.71091091848203,-2.8960339486768505,56.25949634035403],"greater-baltimore":[-76.93695563821532,38.90955075778286,-76.25347216178463,39.503102197841095],"greater-kuala-lumpur":[101.17097348086808,2.6425797113239575,102.00734141913196,3.451968038676056],"greater-los-angeles":[-118.66280751971807,33.39129927308128,-117.54765026869957,34.32659245135486],"greatertwincities":[-94.35873095145489,44.52655049433883,-92.48814459490772,45.650700948994576],"jacksonville":[-81.98598998113606,29.75179071086324,-81.24854728288189,30.687083889136822],"jerusalem":[34.951589920062574,31.694521175536504,35.33829767646415,31.937337673742146],"knoxville":[-84.35737378605678,35.70443208819284,-83.50301944051841,36.1271126591434],"los-angeles-county":[-118.66370780232268,33.69581947997091,-117.97123112225474,34.32534373457813],"louisville":[-86.32264864551406,37.79919306995635,-85.10856615448586,38.689520230043705],"madrid":[-4.252443020929752,40.12287469242351,-3.236211009921018,40.869310594314925],"memphis":[-90.25189308940709,34.863185582169805,-89.64035524207436,35.36680498585558],"mfn-hamptonroads":[-76.86691721568855,36.59210128455964,-75.91363763014047,37.3475303900883],"mfn-hong-kong":[113.89236005670077,22.198818287146963,114.34202023856307,22.549553228999557],"mfn-lasvegas":[-115.43014534185257,35.881624553613,-114.72867545814738,36.35826434638704],"mfn-madisonwi":[-89.82642838857299,42.611647556328805,-88.80120317392695,43.32211064367124],"mfn-northwestar":[-94.83287681178449,35.72005581813773,-93.29503898981542,36.61937618186233],"milan":[8.676106410108405,45.33718688975721,9.49448794109779,45.87677910799197],"montreal":[-74.32218202369059,45.261687872696406,-73.21601797630933,45.891212127303625],"naples":[13.857519989350513,40.54143747638058,14.585969483967437,41.09901610188983],"nashville":[-87.02551637191878,35.733344961784674,-86.25210085911563,36.41682843821537],"oklahoma-city":[-97.67669438706332,35.32510799553754,-97.32595944521073,35.58591090101768],"orange-county":[-118.1143421358414,33.39749827860075,-117.55676351033215,33.946083700472755],"orlando":[-81.69864056457322,28.296841940314327,-81.13206873542673,28.82744095491184],"ottawa":[-76.38795823642096,44.92766845632881,-75.20984855994173,45.63813154367124],"palermo":[12.910413527923406,37.78803370162735,13.81872709528525,38.714333676263685],"pianura-emiliana":[9.954753526326861,44.47011563884201,11.36668649737448,45.00970785707677],"pianura-veneta":[11.683461222295037,45.112573458074195,12.95150293514672,45.939948192700825],"piedmont-triad":[-80.45310604187682,35.75276239815713,-79.2570099581231,36.256381801842906],"providence":[-71.5462256942962,41.64600841697914,-71.24944997426708,41.92479772973377],"puerto-rico":[-67.94552065903729,17.888173584276558,-65.58930130607884,18.526691042521023],"quebec-city":[-71.6090451363967,46.55096651088749,-70.93455486360325,47.009619896387036],"richmond":[-77.76410902730359,37.13120585360908,-77.13458477269637,37.7607301082163],"riviera-romagnola":[11.838694717958036,43.77625715797529,13.115729634446966,44.55866587441569],"rochester":[-77.81678406698997,43.01356945083379,-77.40309669967665,43.30135196722566],"rome":[12.019719999780857,41.446349714272124,12.874074345319226,42.12083998706557],"rotterdam-the-hague":[4.0307203354267696,51.807726534529586,4.642258182759436,52.13148186547044],"sacramento":[-122.02698473731813,38.31697249451988,-121.1006847626818,38.83857830548015],"san-antonio":[-99.16629705096994,28.90446995177013,-97.92523494903,29.88472914822994],"san-juan":[-66.31431252055965,18.17110734414041,-65.79270670959939,18.48586947144402],"santa-barbara":[-120.6638216537197,34.111904623593595,-118.9641061662802,34.9932385800437],"singapore-val":[103.62271516634335,1.245294908171678,104.03640253365667,1.470124999102811],"spokane":[-117.60729134093113,47.57575040635306,-117.1126651408826,47.79158729364696],"sydney":[150.5473395399612,-34.15746555276431,151.3387414600376,-33.3930432435984],"tampa-bay":[-82.8484588803813,27.654412194547408,-82.10202297848988,28.283936449154627],"tel-aviv":[34.63014891816198,31.77453677269641,35.03484308183805,32.40406102730363],"toronto":[-80.00310046733753,43.303822827230846,-78.68109953266237,44.158177172769214],"trondheim-val":[10.314310604534434,63.35407767999515,10.54813389910283,63.453002920004856],"turin":[7.205093130164455,44.81609361177535,7.9155562175068175,45.256760590000404],"valencia":[-0.9705706742065794,38.80808990915392,-0.044270699570303086,39.77036269833924],"vancouver":[-123.28771697822502,49.007542723617846,-122.40638302177491,49.38525727638218],"warsaw-val":[20.77917418043162,52.124012954534436,21.246820769568412,52.348843045465586],"waterloo":[-80.62128565115664,43.329410158500195,-80.17162546929434,43.59021306398033],"wilmington-nc":[-77.96868976051707,33.96335096731147,-77.76184607686041,34.332072316438556],"winnipeg":[-97.4770087291222,49.6588995199806,-96.83849127087774,50.054600480019424],"yukina-fukuoka":[130.04032088178948,33.35327067381332,130.62487911820955,33.901856095685325],"yukina-hakodate":[140.39874658849322,41.667773631490455,141.1811553049324,42.17139303517623],"yukina-hiroshima-kure":[132.12484098179505,34.07732587033713,132.86228368004805,34.661884106758116],"yukina-kagoshima-kirishima":[130.31987373360812,31.30794652308043,130.88644556275372,32.036396017697356],"yukina-kitakyushu-shimonoseki":[130.56409248360814,33.549889169657284,131.1216711091165,34.35927749700942],"yukina-kobe-akashi":[134.75201024281907,34.63167423815628,135.3005956646902,34.98240918000887],"yukina-kochi":[133.18175182656955,33.42422169213425,133.91919452482256,33.78394983762409],"yukina-kyoto":[135.29887947630488,34.711814982449454,136.0722949891068,35.33234603341943],"yukina-matsuyama":[132.51184130725022,33.61506618664727,132.97049469274904,34.01076714668609],"yukina-nagasaki":[129.67949127087778,32.56569029815713,130.31800872912123,33.069309701842904],"yukina-nagoya":[136.31471215266725,34.67532787519968,137.53778784733078,35.72753270075746],"yukina-nakaumi":[132.58250899449564,35.116766835127706,133.59874100550283,35.60239983153899],